Workbook

Sheet Dim Customers
A1: Customer ID | B1: Customer Name | C1: City | D1: State | E1: Pincode | F1: EmailID | G1: Phone Number
A2: 1 | B2: Aarav Singh | C2: Nagpur | D2: Maharashtra | E2: 440001 | F2: 1Aarav@gmail.com | G2: 860135097
A3: 2 | B3: Aditi Patel | C3: Bhopal | D3: Madhya Pradesh | E3: 462001 | F3: 2Aditi@gmail.com | G3: 896750475
A4: 3 | B4: Aman Verma | C4: Ahmedabad | D4: Gujarat | E4: 380001 | F4: 3Aman@gmail.com | G4: 833807373
A5: 4 | B5: Ananya Mehta | C5: Bhopal | D5: Madhya Pradesh | E5: 462001 | F5: 4Ananya@gmail.com | G5: 804038105
A6: 5 | B6: Aniket Sharma | C6: Indore | D6: Madhya Pradesh | E6: 452001 | F6: 5Aniket@gmail.com | G6: 986307349
A7: 6 | B7: Anjali Rao | C7: Bhopal | D7: Madhya Pradesh | E7: 462001 | F7: 6Anjali@gmail.com | G7: 963288063
A8: 7 | B8: Arjun Joshi | C8: Kanpur | D8: Uttar Pradesh | E8: 208001 | F8: 7Arjun@gmail.com | G8: 988368456
A9: 8 | B9: Aryan Gupta | C9: Mumbai | D9: Maharashtra | E9: 400001 | F9: 8Aryan@gmail.com | G9: 953821775
A10: 9 | B10: Avni Iyer | C10: Kanpur | D10: Uttar Pradesh | E10: 208001 | F10: 9Avni@gmail.com | G10: 863732487
A11: 10 | B11: Dhruv Desai | C11: Pune | D11: Maharashtra | E11: 411001 | F11: 10Dhruv@gmail.com | G11: 900051106
A12: 11 | B12: Diya Kapoor | C12: Mumbai | D12: Maharashtra | E12: 400001 | F12: 11Diya@gmail.com | G12: 845767347
A13: 12 | B13: Gaurav Nair | C13: Pune | D13: Maharashtra | E13: 411001 | F13: 12Gaurav@gmail.com | G13: 882241217
... A51: 50 | B51: Yash Malhotra | C51: Lucknow | D51: Uttar Pradesh | E51: 226001 | F51: 50Yash@gmail.com | G51: 910695779

Sheet Dim Product
A1: ProductID | B1: Product Name | C1: Product Line | D1: Price (INR)
A2: P001 | B2: Apple iPhone 14 | C2: Electronics | D2: 79999
A3: P002 | B3: Samsung Galaxy S21 | C3: Electronics | D3: 69999
A4: P003 | B4: Sony Bravia 55" TV | C4: Electronics | D4: 89999
A5: P004 | B5: HP Pavilion Laptop | C5: Electronics | D5: 64999
A6: P005 | B6: Apple MacBook Air | C6: Electronics | D6: 92499
A7: P006 | B7: Nike Running Shoes | C7: Footwear | D7: 7499
A8: P007 | B8: Adidas Sneakers | C8: Footwear | D8: 6999
A9: P008 | B9: Puma Sports Shoes | C9: Footwear | D9: 5499
A10: P009 | B10: Levi's Denim Jeans | C10: Clothing | D10: 3499
A11: P010 | B11: Zara Casual Shirt | C11: Clothing | D11: 2199
A12: P011 | B12: H&M T-Shirt | C12: Clothing | D12: 1499
A13: P012 | B13: FabIndia Kurta | C13: Clothing | D13: 2999
... A31: P030 | B31: Nivea Body Lotion | C31: Personal Care | D31: 399

Sheet Dim Promotion 
A1: PromotionID | B1: Promotion Name | C1: Ad Type | D1: Coupon Code | E1: Price Reduction Type
A2: PR001 | B2: Summer Sale | C2: Email | D2: SUMMER21 | E2: 20
A3: PR002 | B3: Festive Diwali | C3: Social Media | D3: FESTIVE2022 | E3: 10
A4: PR003 | B4: New Year Special | C4: Website Banner | D4: NEWYEAR22 | E4: 50
A5: PR004 | B5: Weekend Flash Sale | C5: Mobile Push | D5: FLASH50 | E5: 50
A6: PR005 | B6: Clearance Sale | C6: In-App | D6: CLEARANCE23 | E6: 70

Sheet Sheet3
A1: Date (dd/mm/yyyy) | B1: CustomerID | C1: (leave empty) | D1: Product ID | E1: Units Sold | F1: Price Per Unit | G1: Total Sales | H1: Discount Percentage | I1: Discount Value | J1: Net Sales
A2: 43865 | B2: 10 | C2: 0 | D2: P004 | E2: 2 | F2: =VLOOKUP(D2,'Dim Product'!A:D,4,FALSE) -> 64999 | G2: =E2*F2 -> 129998 | H2: 0 | I2: =G2*H2/100 -> 0 | J2: =G2-I2 -> 129998 | K2: =TRIM(C2) -> 0
A3: 44700 | B3: 28 | C3: PR003 | D3: P027 | E3: 3 | F3: =VLOOKUP(D3,'Dim Product'!A:D,4,FALSE) -> 699 | G3: =E3*F3 -> 2097 | H3: 0 | I3: =G3*H3/100 -> 0 | J3: =G3-I3 -> 2097 | K3: =TRIM(C3) -> PR003
A4: 44743 | B4: 2 | C4: 0 | D4: P011 | E4: 3 | F4: =VLOOKUP(D4,'Dim Product'!A:D,4,FALSE) -> 1499 | G4: =E4*F4 -> 4497 | H4: 0 | I4: =G4*H4/100 -> 0 | J4: =G4-I4 -> 4497 | K4: =TRIM(C4) -> 0
A5: 44657 | B5: 11 | C5: PR001 | D5: P009 | E5: 2 | F5: =VLOOKUP(D5,'Dim Product'!A:D,4,FALSE) -> 3499 | G5: =E5*F5 -> 6998 | H5: 20 | I5: =G5*H5/100 -> 1399.6 | J5: =G5-I5 -> 5598.4 | K5: =TRIM(C5) -> PR001
A6: 44563 | B6: 34 | C6: 0 | D6: P002 | E6: 1 | F6: =VLOOKUP(D6,'Dim Product'!A:D,4,FALSE) -> 69999 | G6: =E6*F6 -> 69999 | H6: 0 | I6: =G6*H6/100 -> 0 | J6: =G6-I6 -> 69999 | K6: =TRIM(C6) -> 0
A7: 44968 | B7: 44 | C7: 0 | D7: P019 | E7: 1 | F7: =VLOOKUP(D7,'Dim Product'!A:D,4,FALSE) -> 5999 | G7: =E7*F7 -> 5999 | H7: 0 | I7: =G7*H7/100 -> 0 | J7: =G7-I7 -> 5999 | K7: =TRIM(C7) -> 0
A8: 45122 | B8: 42 | C8: PR004 | D8: P014 | E8: 2 | F8: =VLOOKUP(D8,'Dim Product'!A:D,4,FALSE) -> 4999 | G8: =E8*F8 -> 9998 | H8: 50 | I8: =G8*H8/100 -> 4999 | J8: =G8-I8 -> 4999 | K8: =TRIM(C8) -> PR004
A9: 44224 | B9: 46 | C9: 0 | D9: P025 | E9: 1 | F9: =VLOOKUP(D9,'Dim Product'!A:D,4,FALSE) -> 8999 | G9: =E9*F9 -> 8999 | H9: 0 | I9: =G9*H9/100 -> 0 | J9: =G9-I9 -> 8999 | K9: =TRIM(C9) -> 0
A10: 44706 | B10: 21 | C10: PR001 | D10: P019 | E10: 2 | F10: =VLOOKUP(D10,'Dim Product'!A:D,4,FALSE) -> 5999 | G10: =E10*F10 -> 11998 | H10: 20 | I10: =G10*H10/100 -> 2399.6 | J10: =G10-I10 -> 9598.4 | K10: =TRIM(C10) -> PR001
A11: 45071 | B11: 48 | C11: PR001 | D11: P005 | E11: 3 | F11: =VLOOKUP(D11,'Dim Product'!A:D,4,FALSE) -> 92499 | G11: =E11*F11 -> 277497 | H11: 20 | I11: =G11*H11/100 -> 55499.4 | J11: =G11-I11 -> 221997.6 | K11: =TRIM(C11) -> PR001
A12: 45202 | B12: 18 | C12: 0 | D12: P001 | E12: 1 | F12: =VLOOKUP(D12,'Dim Product'!A:D,4,FALSE) -> 79999 | G12: =E12*F12 -> 79999 | H12: 0 | I12: =G12*H12/100 -> 0 | J12: =G12-I12 -> 79999 | K12: =TRIM(C12) -> 0
A13: 44066 | B13: 28 | C13: 0 | D13: P010 | E13: 2 | F13: =VLOOKUP(D13,'Dim Product'!A:D,4,FALSE) -> 2199 | G13: =E13*F13 -> 4398 | H13: 0 | I13: =G13*H13/100 -> 0 | J13: =G13-I13 -> 4398 | K13: =TRIM(C13) -> 0
A14: 45075 | B14: 17 | C14: PR001 | D14: P002 | E14: 3 | F14: =VLOOKUP(D14,'Dim Product'!A:D,4,FALSE) -> 69999 | G14: =E14*F14 -> 209997 | H14: 20 | I14: =G14*H14/100 -> 41999.4 | J14: =G14-I14 -> 167997.6 | K14: =TRIM(C14) -> PR001
A15: 45115 | B15: 28 | C15: PR004 | D15: P002 | E15: 3 | F15: =VLOOKUP(D15,'Dim Product'!A:D,4,FALSE) -> 69999 | G15: =E15*F15 -> 209997 | H15: 50 | I15: =G15*H15/100 -> 104998.5 | J15: =G15-I15 -> 104998.5 | K15: =TRIM(C15) -> PR004
A16: 44908 | B16: 23 | C16: 0 | D16: P002 | E16: 3 | F16: =VLOOKUP(D16,'Dim Product'!A:D,4,FALSE) -> 69999 | G16: =E16*F16 -> 209997 | H16: 0 | I16: =G16*H16/100 -> 0 | J16: =G16-I16 -> 209997 | K16: =TRIM(C16) -> 0
A17: 44147 | B17: 8 | C17: 0 | D17: P029 | E17: 1 | F17: =VLOOKUP(D17,'Dim Product'!A:D,4,FALSE) -> 99 | G17: =E17*F17 -> 99 | H17: 0 | I17: =G17*H17/100 -> 0 | J17: =G17-I17 -> 99 | K17: =TRIM(C17) -> 0
A18: 44910 | B18: 41 | C18: 0 | D18: P022 | E18: 3 | F18: =VLOOKUP(D18,'Dim Product'!A:D,4,FALSE) -> 1999 | G18: =E18*F18 -> 5997 | H18: 0 | I18: =G18*H18/100 -> 0 | J18: =G18-I18 -> 5997 | K18: =TRIM(C18) -> 0
A19: 44562 | B19: 48 | C19: PR003 | D19: P011 | E19: 3 | F19: =VLOOKUP(D19,'Dim Product'!A:D,4,FALSE) -> 1499 | G19: =E19*F19 -> 4497 | H19: 50 | I19: =G19*H19/100 -> 2248.5 | J19: =G19-I19 -> 2248.5 | K19: =TRIM(C19) -> PR003
A20: 44105 | B20: 12 | C20: 0 | D20: P010 | E20: 1 | F20: =VLOOKUP(D20,'Dim Product'!A:D,4,FALSE) -> 2199 | G20: =E20*F20 -> 2199 | H20: 0 | I20: =G20*H20/100 -> 0 | J20: =G20-I20 -> 2199 | K20: =TRIM(C20) -> 0
A21: 44508 | B21: 40 | C21: 0 | D21: P012 | E21: 1 | F21: =VLOOKUP(D21,'Dim Product'!A:D,4,FALSE) -> 2999 | G21: =E21*F21 -> 2999 | H21: 0 | I21: =G21*H21/100 -> 0 | J21: =G21-I21 -> 2999 | K21: =TRIM(C21) -> 0
A22: 44001 | B22: 31 | C22: 0 | D22: P016 | E22: 3 | F22: =VLOOKUP(D22,'Dim Product'!A:D,4,FALSE) -> 24999 | G22: =E22*F22 -> 74997 | H22: 0 | I22: =G22*H22/100 -> 0 | J22: =G22-I22 -> 74997 | K22: =TRIM(C22) -> 0
A23: 44399 | B23: 6 | C23: 0 | D23: P023 | E23: 3 | F23: =VLOOKUP(D23,'Dim Product'!A:D,4,FALSE) -> 1499 | G23: =E23*F23 -> 4497 | H23: 0 | I23: =G23*H23/100 -> 0 | J23: =G23-I23 -> 4497 | K23: =TRIM(C23) -> 0
A24: 44959 | B24: 25 | C24: 0 | D24: P029 | E24: 2 | F24: =VLOOKUP(D24,'Dim Product'!A:D,4,FALSE) -> 99 | G24: =E24*F24 -> 198 | H24: 0 | I24: =G24*H24/100 -> 0 | J24: =G24-I24 -> 198 | K24: =TRIM(C24) -> 0
A25: 44599 | B25: 27 | C25: 0 | D25: P028 | E25: 2 | F25: =VLOOKUP(D25,'Dim Product'!A:D,4,FALSE) -> 349 | G25: =E25*F25 -> 698 | H25: 0 | I25: =G25*H25/100 -> 0 | J25: =G25-I25 -> 698 | K25: =TRIM(C25) -> 0
A26: 43919 | B26: 31 | C26: 0 | D26: P008 | E26: 2 | F26: =VLOOKUP(D26,'Dim Product'!A:D,4,FALSE) -> 5499 | G26: =E26*F26 -> 10998 | H26: 0 | I26: =G26*H26/100 -> 0 | J26: =G26-I26 -> 10998 | K26: =TRIM(C26) -> 0
A27: 44247 | B27: 40 | C27: 0 | D27: P013 | E27: 1 | F27: =VLOOKUP(D27,'Dim Product'!A:D,4,FALSE) -> 15999 | G27: =E27*F27 -> 15999 | H27: 0 | I27: =G27*H27/100 -> 0 | J27: =G27-I27 -> 15999 | K27: =TRIM(C27) -> 0
A28: 43947 | B28: 3 | C28: PR001 | D28: P005 | E28: 3 | F28: =VLOOKUP(D28,'Dim Product'!A:D,4,FALSE) -> 92499 | G28: =E28*F28 -> 277497 | H28: 20 | I28: =G28*H28/100 -> 55499.4 | J28: =G28-I28 -> 221997.6 | K28: =TRIM(C28) -> PR001
A29: 44931 | B29: 44 | C29: 0 | D29: P016 | E29: 2 | F29: =VLOOKUP(D29,'Dim Product'!A:D,4,FALSE) -> 24999 | G29: =E29*F29 -> 49998 | H29: 0 | I29: =G29*H29/100 -> 0 | J29: =G29-I29 -> 49998 | K29: =TRIM(C29) -> 0
A30: 44630 | B30: 2 | C30: 0 | D30: P010 | E30: 3 | F30: =VLOOKUP(D30,'Dim Product'!A:D,4,FALSE) -> 2199 | G30: =E30*F30 -> 6597 | H30: 0 | I30: =G30*H30/100 -> 0 | J30: =G30-I30 -> 6597 | K30: =TRIM(C30) -> 0
A31: 44304 | B31: 17 | C31: PR001 | D31: P017 | E31: 1 | F31: =VLOOKUP(D31,'Dim Product'!A:D,4,FALSE) -> 10499 | G31: =E31*F31 -> 10499 | H31: 20 | I31: =G31*H31/100 -> 2099.8 | J31: =G31-I31 -> 8399.2 | K31: =TRIM(C31) -> PR001
A32: 43860 | B32: 1 | C32: 0 | D32: P018 | E32: 1 | F32: =VLOOKUP(D32,'Dim Product'!A:D,4,FALSE) -> 2299 | G32: =E32*F32 -> 2299 | H32: 0 | I32: =G32*H32/100 -> 0 | J32: =G32-I32 -> 2299 | K32: =TRIM(C32) -> 0
A33: 44332 | B33: 43 | C33: PR001 | D33: P001 | E33: 3 | F33: =VLOOKUP(D33,'Dim Product'!A:D,4,FALSE) -> 79999 | G33: =E33*F33 -> 239997 | H33: 20 | I33: =G33*H33/100 -> 47999.4 | J33: =G33-I33 -> 191997.6 | K33: =TRIM(C33) -> PR001
A34: 43881 | B34: 24 | C34: 0 | D34: P020 | E34: 2 | F34: =VLOOKUP(D34,'Dim Product'!A:D,4,FALSE) -> 12999 | G34: =E34*F34 -> 25998 | H34: 0 | I34: =G34*H34/100 -> 0 | J34: =G34-I34 -> 25998 | K34: =TRIM(C34) -> 0
A35: 44071 | B35: 14 | C35: 0 | D35: P017 | E35: 3 | F35: =VLOOKUP(D35,'Dim Product'!A:D,4,FALSE) -> 10499 | G35: =E35*F35 -> 31497 | H35: 0 | I35: =G35*H35/100 -> 0 | J35: =G35-I35 -> 31497 | K35: =TRIM(C35) -> 0
A36: 44616 | B36: 20 | C36: 0 | D36: P013 | E36: 3 | F36: =VLOOKUP(D36,'Dim Product'!A:D,4,FALSE) -> 15999 | G36: =E36*F36 -> 47997 | H36: 0 | I36: =G36*H36/100 -> 0 | J36: =G36-I36 -> 47997 | K36: =TRIM(C36) -> 0
A37: 44092 | B37: 14 | C37: 0 | D37: P025 | E37: 2 | F37: =VLOOKUP(D37,'Dim Product'!A:D,4,FALSE) -> 8999 | G37: =E37*F37 -> 17998 | H37: 0 | I37: =G37*H37/100 -> 0 | J37: =G37-I37 -> 17998 | K37: =TRIM(C37) -> 0
A38: 44016 | B38: 49 | C38: PR004 | D38: P023 | E38: 1 | F38: =VLOOKUP(D38,'Dim Product'!A:D,4,FALSE) -> 1499 | G38: =E38*F38 -> 1499 | H38: 50 | I38: =G38*H38/100 -> 749.5 | J38: =G38-I38 -> 749.5 | K38: =TRIM(C38) -> PR004
A39: 44357 | B39: 31 | C39: 0 | D39: P014 | E39: 1 | F39: =VLOOKUP(D39,'Dim Product'!A:D,4,FALSE) -> 4999 | G39: =E39*F39 -> 4999 | H39: 0 | I39: =G39*H39/100 -> 0 | J39: =G39-I39 -> 4999 | K39: =TRIM(C39) -> 0
A40: 45291 | B40: 29 | C40: PR005 | D40: P018 | E40: 1 | F40: =VLOOKUP(D40,'Dim Product'!A:D,4,FALSE) -> 2299 | G40: =E40*F40 -> 2299 | H40: 70 | I40: =G40*H40/100 -> 1609.3 | J40: =G40-I40 -> 689.7 | K40: =TRIM(C40) -> PR005
A41: 44368 | B41: 43 | C41: 0 | D41: P020 | E41: 3 | F41: =VLOOKUP(D41,'Dim Product'!A:D,4,FALSE) -> 12999 | G41: =E41*F41 -> 38997 | H41: 0 | I41: =G41*H41/100 -> 0 | J41: =G41-I41 -> 38997 | K41: =TRIM(C41) -> 0
A42: 44813 | B42: 11 | C42: 0 | D42: P020 | E42: 3 | F42: =VLOOKUP(D42,'Dim Product'!A:D,4,FALSE) -> 12999 | G42: =E42*F42 -> 38997 | H42: 0 | I42: =G42*H42/100 -> 0 | J42: =G42-I42 -> 38997 | K42: =TRIM(C42) -> 0
A43: 44458 | B43: 27 | C43: 0 | D43: P023 | E43: 3 | F43: =VLOOKUP(D43,'Dim Product'!A:D,4,FALSE) -> 1499 | G43: =E43*F43 -> 4497 | H43: 0 | I43: =G43*H43/100 -> 0 | J43: =G43-I43 -> 4497 | K43: =TRIM(C43) -> 0
A44: 44461 | B44: 18 | C44: 0 | D44: P016 | E44: 1 | F44: =VLOOKUP(D44,'Dim Product'!A:D,4,FALSE) -> 24999 | G44: =E44*F44 -> 24999 | H44: 0 | I44: =G44*H44/100 -> 0 | J44: =G44-I44 -> 24999 | K44: =TRIM(C44) -> 0
A45: 44684 | B45: 9 | C45: PR001 | D45: P004 | E45: 2 | F45: =VLOOKUP(D45,'Dim Product'!A:D,4,FALSE) -> 64999 | G45: =E45*F45 -> 129998 | H45: 20 | I45: =G45*H45/100 -> 25999.6 | J45: =G45-I45 -> 103998.4 | K45: =TRIM(C45) -> PR001
A46: 45291 | B46: 33 | C46: PR005 | D46: P019 | E46: 3 | F46: =VLOOKUP(D46,'Dim Product'!A:D,4,FALSE) -> 5999 | G46: =E46*F46 -> 17997 | H46: 70 | I46: =G46*H46/100 -> 12597.9 | J46: =G46-I46 -> 5399.1 | K46: =TRIM(C46) -> PR005
A47: 44864 | B47: 42 | C47: 0 | D47: P017 | E47: 1 | F47: =VLOOKUP(D47,'Dim Product'!A:D,4,FALSE) -> 10499 | G47: =E47*F47 -> 10499 | H47: 0 | I47: =G47*H47/100 -> 0 | J47: =G47-I47 -> 10499 | K47: =TRIM(C47) -> 0
A48: 44658 | B48: 17 | C48: PR001 | D48: P010 | E48: 1 | F48: =VLOOKUP(D48,'Dim Product'!A:D,4,FALSE) -> 2199 | G48: =E48*F48 -> 2199 | H48: 20 | I48: =G48*H48/100 -> 439.8 | J48: =G48-I48 -> 1759.2 | K48: =TRIM(C48) -> PR001
A49: 44654 | B49: 32 | C49: PR001 | D49: P008 | E49: 1 | F49: =VLOOKUP(D49,'Dim Product'!A:D,4,FALSE) -> 5499 | G49: =E49*F49 -> 5499 | H49: 20 | I49: =G49*H49/100 -> 1099.8 | J49: =G49-I49 -> 4399.2 | K49: =TRIM(C49) -> PR001
A50: 44044 | B50: 24 | C50: 0 | D50: P023 | E50: 3 | F50: =VLOOKUP(D50,'Dim Product'!A:D,4,FALSE) -> 1499 | G50: =E50*F50 -> 4497 | H50: 0 | I50: =G50*H50/100 -> 0 | J50: =G50-I50 -> 4497 | K50: =TRIM(C50) -> 0
A51: 44601 | B51: 25 | C51: 0 | D51: P002 | E51: 1 | F51: =VLOOKUP(D51,'Dim Product'!A:D,4,FALSE) -> 69999 | G51: =E51*F51 -> 69999 | H51: 0 | I51: =G51*H51/100 -> 0 | J51: =G51-I51 -> 69999 | K51: =TRIM(C51) -> 0
A52: 45242 | B52: 32 | C52: 0 | D52: P010 | E52: 2 | F52: =VLOOKUP(D52,'Dim Product'!A:D,4,FALSE) -> 2199 | G52: =E52*F52 -> 4398 | H52: 0 | I52: =G52*H52/100 -> 0 | J52: =G52-I52 -> 4398 | K52: =TRIM(C52) -> 0
A53: 44918 | B53: 35 | C53: 0 | D53: P028 | E53: 2 | F53: =VLOOKUP(D53,'Dim Product'!A:D,4,FALSE) -> 349 | G53: =E53*F53 -> 698 | H53: 0 | I53: =G53*H53/100 -> 0 | J53: =G53-I53 -> 698 | K53: =TRIM(C53) -> 0
A54: 44815 | B54: 10 | C54: 0 | D54: P019 | E54: 1 | F54: =VLOOKUP(D54,'Dim Product'!A:D,4,FALSE) -> 5999 | G54: =E54*F54 -> 5999 | H54: 0 | I54: =G54*H54/100 -> 0 | J54: =G54-I54 -> 5999 | K54: =TRIM(C54) -> 0
A55: 44220 | B55: 3 | C55: 0 | D55: P002 | E55: 3 | F55: =VLOOKUP(D55,'Dim Product'!A:D,4,FALSE) -> 69999 | G55: =E55*F55 -> 209997 | H55: 0 | I55: =G55*H55/100 -> 0 | J55: =G55-I55 -> 209997 | K55: =TRIM(C55) -> 0
A56: 44823 | B56: 49 | C56: 0 | D56: P007 | E56: 3 | F56: =VLOOKUP(D56,'Dim Product'!A:D,4,FALSE) -> 6999 | G56: =E56*F56 -> 20997 | H56: 0 | I56: =G56*H56/100 -> 0 | J56: =G56-I56 -> 20997 | K56: =TRIM(C56) -> 0
A57: 45172 | B57: 42 | C57: 0 | D57: P007 | E57: 1 | F57: =VLOOKUP(D57,'Dim Product'!A:D,4,FALSE) -> 6999 | G57: =E57*F57 -> 6999 | H57: 0 | I57: =G57*H57/100 -> 0 | J57: =G57-I57 -> 6999 | K57: =TRIM(C57) -> 0
A58: 45176 | B58: 16 | C58: 0 | D58: P018 | E58: 2 | F58: =VLOOKUP(D58,'Dim Product'!A:D,4,FALSE) -> 2299 | G58: =E58*F58 -> 4598 | H58: 0 | I58: =G58*H58/100 -> 0 | J58: =G58-I58 -> 4598 | K58: =TRIM(C58) -> 0
A59: 44986 | B59: 46 | C59: 0 | D59: P026 | E59: 3 | F59: =VLOOKUP(D59,'Dim Product'!A:D,4,FALSE) -> 5499 | G59: =E59*F59 -> 16497 | H59: 0 | I59: =G59*H59/100 -> 0 | J59: =G59-I59 -> 16497 | K59: =TRIM(C59) -> 0
A60: 43872 | B60: 1 | C60: 0 | D60: P011 | E60: 3 | F60: =VLOOKUP(D60,'Dim Product'!A:D,4,FALSE) -> 1499 | G60: =E60*F60 -> 4497 | H60: 0 | I60: =G60*H60/100 -> 0 | J60: =G60-I60 -> 4497 | K60: =TRIM(C60) -> 0
A61: 44710 | B61: 4 | C61: PR001 | D61: P018 | E61: 3 | F61: =VLOOKUP(D61,'Dim Product'!A:D,4,FALSE) -> 2299 | G61: =E61*F61 -> 6897 | H61: 20 | I61: =G61*H61/100 -> 1379.4 | J61: =G61-I61 -> 5517.6 | K61: =TRIM(C61) -> PR001
A62: 43936 | B62: 18 | C62: PR001 | D62: P023 | E62: 3 | F62: =VLOOKUP(D62,'Dim Product'!A:D,4,FALSE) -> 1499 | G62: =E62*F62 -> 4497 | H62: 20 | I62: =G62*H62/100 -> 899.4 | J62: =G62-I62 -> 3597.6 | K62: =TRIM(C62) -> PR001
A63: 45108 | B63: 7 | C63: PR004 | D63: P013 | E63: 3 | F63: =VLOOKUP(D63,'Dim Product'!A:D,4,FALSE) -> 15999 | G63: =E63*F63 -> 47997 | H63: 50 | I63: =G63*H63/100 -> 23998.5 | J63: =G63-I63 -> 23998.5 | K63: =TRIM(C63) -> PR004
A64: 44524 | B64: 19 | C64: 0 | D64: P022 | E64: 3 | F64: =VLOOKUP(D64,'Dim Product'!A:D,4,FALSE) -> 1999 | G64: =E64*F64 -> 5997 | H64: 0 | I64: =G64*H64/100 -> 0 | J64: =G64-I64 -> 5997 | K64: =TRIM(C64) -> 0
A65: 45145 | B65: 45 | C65: 0 | D65: P009 | E65: 1 | F65: =VLOOKUP(D65,'Dim Product'!A:D,4,FALSE) -> 3499 | G65: =E65*F65 -> 3499 | H65: 0 | I65: =G65*H65/100 -> 0 | J65: =G65-I65 -> 3499 | K65: =TRIM(C65) -> 0
A66: 45201 | B66: 33 | C66: 0 | D66: P021 | E66: 3 | F66: =VLOOKUP(D66,'Dim Product'!A:D,4,FALSE) -> 1299 | G66: =E66*F66 -> 3897 | H66: 0 | I66: =G66*H66/100 -> 0 | J66: =G66-I66 -> 3897 | K66: =TRIM(C66) -> 0
A67: 45057 | B67: 13 | C67: PR001 | D67: P009 | E67: 3 | F67: =VLOOKUP(D67,'Dim Product'!A:D,4,FALSE) -> 3499 | G67: =E67*F67 -> 10497 | H67: 20 | I67: =G67*H67/100 -> 2099.4 | J67: =G67-I67 -> 8397.6 | K67: =TRIM(C67) -> PR001
A68: 45063 | B68: 47 | C68: PR001 | D68: P019 | E68: 1 | F68: =VLOOKUP(D68,'Dim Product'!A:D,4,FALSE) -> 5999 | G68: =E68*F68 -> 5999 | H68: 20 | I68: =G68*H68/100 -> 1199.8 | J68: =G68-I68 -> 4799.2 | K68: =TRIM(C68) -> PR001
A69: 44741 | B69: 44 | C69: 0 | D69: P021 | E69: 1 | F69: =VLOOKUP(D69,'Dim Product'!A:D,4,FALSE) -> 1299 | G69: =E69*F69 -> 1299 | H69: 0 | I69: =G69*H69/100 -> 0 | J69: =G69-I69 -> 1299 | K69: =TRIM(C69) -> 0
A70: 45201 | B70: 35 | C70: 0 | D70: P028 | E70: 1 | F70: =VLOOKUP(D70,'Dim Product'!A:D,4,FALSE) -> 349 | G70: =E70*F70 -> 349 | H70: 0 | I70: =G70*H70/100 -> 0 | J70: =G70-I70 -> 349 | K70: =TRIM(C70) -> 0
A71: 43834 | B71: 34 | C71: 0 | D71: P023 | E71: 2 | F71: =VLOOKUP(D71,'Dim Product'!A:D,4,FALSE) -> 1499 | G71: =E71*F71 -> 2998 | H71: 0 | I71: =G71*H71/100 -> 0 | J71: =G71-I71 -> 2998 | K71: =TRIM(C71) -> 0
A72: 43958 | B72: 20 | C72: PR001 | D72: P023 | E72: 3 | F72: =VLOOKUP(D72,'Dim Product'!A:D,4,FALSE) -> 1499 | G72: =E72*F72 -> 4497 | H72: 20 | I72: =G72*H72/100 -> 899.4 | J72: =G72-I72 -> 3597.6 | K72: =TRIM(C72) -> PR001
A73: 45291 | B73: 2 | C73: PR005 | D73: P030 | E73: 1 | F73: =VLOOKUP(D73,'Dim Product'!A:D,4,FALSE) -> 399 | G73: =E73*F73 -> 399 | H73: 70 | I73: =G73*H73/100 -> 279.3 | J73: =G73-I73 -> 119.7 | K73: =TRIM(C73) -> PR005
A74: 45129 | B74: 20 | C74: PR004 | D74: P029 | E74: 2 | F74: =VLOOKUP(D74,'Dim Product'!A:D,4,FALSE) -> 99 | G74: =E74*F74 -> 198 | H74: 50 | I74: =G74*H74/100 -> 99 | J74: =G74-I74 -> 99 | K74: =TRIM(C74) -> PR004
A75: 44575 | B75: 6 | C75: 0 | D75: P010 | E75: 1 | F75: =VLOOKUP(D75,'Dim Product'!A:D,4,FALSE) -> 2199 | G75: =E75*F75 -> 2199 | H75: 0 | I75: =G75*H75/100 -> 0 | J75: =G75-I75 -> 2199 | K75: =TRIM(C75) -> 0
A76: 45030 | B76: 14 | C76: PR001 | D76: P029 | E76: 2 | F76: =VLOOKUP(D76,'Dim Product'!A:D,4,FALSE) -> 99 | G76: =E76*F76 -> 198 | H76: 20 | I76: =G76*H76/100 -> 39.6 | J76: =G76-I76 -> 158.4 | K76: =TRIM(C76) -> PR001
A77: 44513 | B77: 10 | C77: 0 | D77: P018 | E77: 3 | F77: =VLOOKUP(D77,'Dim Product'!A:D,4,FALSE) -> 2299 | G77: =E77*F77 -> 6897 | H77: 0 | I77: =G77*H77/100 -> 0 | J77: =G77-I77 -> 6897 | K77: =TRIM(C77) -> 0
A78: 43856 | B78: 48 | C78: 0 | D78: P021 | E78: 1 | F78: =VLOOKUP(D78,'Dim Product'!A:D,4,FALSE) -> 1299 | G78: =E78*F78 -> 1299 | H78: 0 | I78: =G78*H78/100 -> 0 | J78: =G78-I78 -> 1299 | K78: =TRIM(C78) -> 0
A79: 44434 | B79: 32 | C79: 0 | D79: P026 | E79: 3 | F79: =VLOOKUP(D79,'Dim Product'!A:D,4,FALSE) -> 5499 | G79: =E79*F79 -> 16497 | H79: 0 | I79: =G79*H79/100 -> 0 | J79: =G79-I79 -> 16497 | K79: =TRIM(C79) -> 0
A80: 44562 | B80: 32 | C80: PR003 | D80: P024 | E80: 3 | F80: =VLOOKUP(D80,'Dim Product'!A:D,4,FALSE) -> 2799 | G80: =E80*F80 -> 8397 | H80: 50 | I80: =G80*H80/100 -> 4198.5 | J80: =G80-I80 -> 4198.5 | K80: =TRIM(C80) -> PR003
A81: 44642 | B81: 35 | C81: 0 | D81: P024 | E81: 1 | F81: =VLOOKUP(D81,'Dim Product'!A:D,4,FALSE) -> 2799 | G81: =E81*F81 -> 2799 | H81: 0 | I81: =G81*H81/100 -> 0 | J81: =G81-I81 -> 2799 | K81: =TRIM(C81) -> 0
A82: 44499 | B82: 26 | C82: 0 | D82: P021 | E82: 3 | F82: =VLOOKUP(D82,'Dim Product'!A:D,4,FALSE) -> 1299 | G82: =E82*F82 -> 3897 | H82: 0 | I82: =G82*H82/100 -> 0 | J82: =G82-I82 -> 3897 | K82: =TRIM(C82) -> 0
A83: 43987 | B83: 24 | C83: 0 | D83: P006 | E83: 2 | F83: =VLOOKUP(D83,'Dim Product'!A:D,4,FALSE) -> 7499 | G83: =E83*F83 -> 14998 | H83: 0 | I83: =G83*H83/100 -> 0 | J83: =G83-I83 -> 14998 | K83: =TRIM(C83) -> 0
A84: 44691 | B84: 6 | C84: PR001 | D84: P004 | E84: 1 | F84: =VLOOKUP(D84,'Dim Product'!A:D,4,FALSE) -> 64999 | G84: =E84*F84 -> 64999 | H84: 20 | I84: =G84*H84/100 -> 12999.8 | J84: =G84-I84 -> 51999.2 | K84: =TRIM(C84) -> PR001
A85: 45084 | B85: 17 | C85: 0 | D85: P017 | E85: 1 | F85: =VLOOKUP(D85,'Dim Product'!A:D,4,FALSE) -> 10499 | G85: =E85*F85 -> 10499 | H85: 0 | I85: =G85*H85/100 -> 0 | J85: =G85-I85 -> 10499 | K85: =TRIM(C85) -> 0
A86: 44552 | B86: 38 | C86: 0 | D86: P007 | E86: 2 | F86: =VLOOKUP(D86,'Dim Product'!A:D,4,FALSE) -> 6999 | G86: =E86*F86 -> 13998 | H86: 0 | I86: =G86*H86/100 -> 0 | J86: =G86-I86 -> 13998 | K86: =TRIM(C86) -> 0
A87: 45291 | B87: 2 | C87: PR005 | D87: P016 | E87: 2 | F87: =VLOOKUP(D87,'Dim Product'!A:D,4,FALSE) -> 24999 | G87: =E87*F87 -> 49998 | H87: 70 | I87: =G87*H87/100 -> 34998.6 | J87: =G87-I87 -> 14999.4 | K87: =TRIM(C87) -> PR005
A88: 43889 | B88: 1 | C88: 0 | D88: P010 | E88: 2 | F88: =VLOOKUP(D88,'Dim Product'!A:D,4,FALSE) -> 2199 | G88: =E88*F88 -> 4398 | H88: 0 | I88: =G88*H88/100 -> 0 | J88: =G88-I88 -> 4398 | K88: =TRIM(C88) -> 0
A89: 44942 | B89: 14 | C89: 0 | D89: P007 | E89: 2 | F89: =VLOOKUP(D89,'Dim Product'!A:D,4,FALSE) -> 6999 | G89: =E89*F89 -> 13998 | H89: 0 | I89: =G89*H89/100 -> 0 | J89: =G89-I89 -> 13998 | K89: =TRIM(C89) -> 0
A90: 45221 | B90: 44 | C90: 0 | D90: P030 | E90: 1 | F90: =VLOOKUP(D90,'Dim Product'!A:D,4,FALSE) -> 399 | G90: =E90*F90 -> 399 | H90: 0 | I90: =G90*H90/100 -> 0 | J90: =G90-I90 -> 399 | K90: =TRIM(C90) -> 0
A91: 44636 | B91: 18 | C91: 0 | D91: P017 | E91: 1 | F91: =VLOOKUP(D91,'Dim Product'!A:D,4,FALSE) -> 10499 | G91: =E91*F91 -> 10499 | H91: 0 | I91: =G91*H91/100 -> 0 | J91: =G91-I91 -> 10499 | K91: =TRIM(C91) -> 0
A92: 44430 | B92: 15 | C92: 0 | D92: P026 | E92: 2 | F92: =VLOOKUP(D92,'Dim Product'!A:D,4,FALSE) -> 5499 | G92: =E92*F92 -> 10998 | H92: 0 | I92: =G92*H92/100 -> 0 | J92: =G92-I92 -> 10998 | K92: =TRIM(C92) -> 0
A93: 44488 | B93: 8 | C93: 0 | D93: P027 | E93: 1 | F93: =VLOOKUP(D93,'Dim Product'!A:D,4,FALSE) -> 699 | G93: =E93*F93 -> 699 | H93: 0 | I93: =G93*H93/100 -> 0 | J93: =G93-I93 -> 699 | K93: =TRIM(C93) -> 0
A94: 45036 | B94: 19 | C94: PR001 | D94: P007 | E94: 2 | F94: =VLOOKUP(D94,'Dim Product'!A:D,4,FALSE) -> 6999 | G94: =E94*F94 -> 13998 | H94: 20 | I94: =G94*H94/100 -> 2799.6 | J94: =G94-I94 -> 11198.4 | K94: =TRIM(C94) -> PR001
A95: 45025 | B95: 13 | C95: PR001 | D95: P018 | E95: 2 | F95: =VLOOKUP(D95,'Dim Product'!A:D,4,FALSE) -> 2299 | G95: =E95*F95 -> 4598 | H95: 20 | I95: =G95*H95/100 -> 919.6 | J95: =G95-I95 -> 3678.4 | K95: =TRIM(C95) -> PR001
A96: 45290 | B96: 36 | C96: PR005 | D96: P022 | E96: 2 | F96: =VLOOKUP(D96,'Dim Product'!A:D,4,FALSE) -> 1999 | G96: =E96*F96 -> 3998 | H96: 70 | I96: =G96*H96/100 -> 2798.6 | J96: =G96-I96 -> 1199.4 | K96: =TRIM(C96) -> PR005
A97: 43952 | B97: 30 | C97: PR001 | D97: P026 | E97: 2 | F97: =VLOOKUP(D97,'Dim Product'!A:D,4,FALSE) -> 5499 | G97: =E97*F97 -> 10998 | H97: 20 | I97: =G97*H97/100 -> 2199.6 | J97: =G97-I97 -> 8798.4 | K97: =TRIM(C97) -> PR001
A98: 45248 | B98: 28 | C98: 0 | D98: P028 | E98: 3 | F98: =VLOOKUP(D98,'Dim Product'!A:D,4,FALSE) -> 349 | G98: =E98*F98 -> 1047 | H98: 0 | I98: =G98*H98/100 -> 0 | J98: =G98-I98 -> 1047 | K98: =TRIM(C98) -> 0
A99: 44256 | B99: 8 | C99: 0 | D99: P018 | E99: 3 | F99: =VLOOKUP(D99,'Dim Product'!A:D,4,FALSE) -> 2299 | G99: =E99*F99 -> 6897 | H99: 0 | I99: =G99*H99/100 -> 0 | J99: =G99-I99 -> 6897 | K99: =TRIM(C99) -> 0
A100: 44257 | B100: 45 | C100: 0 | D100: P017 | E100: 2 | F100: =VLOOKUP(D100,'Dim Product'!A:D,4,FALSE) -> 10499 | G100: =E100*F100 -> 20998 | H100: 0 | I100: =G100*H100/100 -> 0 | J100: =G100-I100 -> 20998 | K100: =TRIM(C100) -> 0
...
